{"cameraMode":{"drawMode":0,"name":"Shaded","section":"Shading Mode"},"sceneLighting":false,"audioPlay":false,"sceneViewState":{"showFog":false,"showMaterialUpdate":true,"showSkybox":false,"showFlares":true,"showImageEffects":true,"showParticleSystems":true,"showVisualEffectGraphs":true,"m_FxEnabled":true},"in2DMode":false,"pivot":{"x":2.9274165630340578,"y":0.05949978902935982,"z":5.261590957641602},"rotation":{"x":0.2359592765569687,"y":0.0960305854678154,"z":-0.023454351350665094,"w":0.9667360782623291},"size":1.5155894756317139,"orthographic":false}