{"cameraMode":{"drawMode":0,"name":"Shaded","section":"Shading Mode"},"sceneLighting":false,"audioPlay":false,"sceneViewState":{"showFog":false,"showMaterialUpdate":true,"showSkybox":false,"showFlares":true,"showImageEffects":true,"showParticleSystems":true,"showVisualEffectGraphs":true,"m_FxEnabled":true},"in2DMode":false,"pivot":{"x":0.008847645483911038,"y":0.0056400299072265629,"z":-0.01644199900329113},"rotation":{"x":0.005292607005685568,"y":-0.6976265907287598,"z":0.7167192101478577,"w":0.003960330970585346},"size":0.3030288815498352,"orthographic":false}