{"cameraMode":{"drawMode":0,"name":"Shaded","section":"Shading Mode"},"sceneLighting":false,"audioPlay":false,"sceneViewState":{"showFog":true,"showMaterialUpdate":true,"showSkybox":false,"showFlares":true,"showImageEffects":false,"showParticleSystems":true,"showVisualEffectGraphs":true,"m_FxEnabled":true},"in2DMode":false,"pivot":{"x":0.2424224615097046,"y":0.3315286636352539,"z":-0.5423190593719482},"rotation":{"x":0.03934458643198013,"y":0.9429932236671448,"z":-0.3054617643356323,"w":0.13001590967178346},"size":2.2414629459381105,"orthographic":false}