{"cameraMode":{"drawMode":0,"name":"Shaded","section":"Shading Mode"},"sceneLighting":false,"audioPlay":false,"sceneViewState":{"showFog":false,"showMaterialUpdate":false,"showSkybox":false,"showFlares":false,"showImageEffects":false,"showParticleSystems":false},"in2DMode":false,"pivot":{"x":0.5428911447525024,"y":0.41920480132102969,"z":-1.1380794048309327},"rotation":{"x":0.18345458805561067,"y":-0.002949044806882739,"z":0.0005503118736669421,"w":0.9830243587493897},"size":0.5290054082870483,"orthographic":false}