{"cameraMode":{"drawMode":0,"name":"Shaded","section":"Shading Mode"},"sceneLighting":false,"audioPlay":false,"sceneViewState":{"showFog":false,"showMaterialUpdate":false,"showSkybox":false,"showFlares":false,"showImageEffects":false,"showParticleSystems":false},"in2DMode":false,"pivot":{"x":190.27230834960938,"y":0.060000237077474597,"z":114.80488586425781},"rotation":{"x":0.02852114848792553,"y":-0.6714431643486023,"z":0.7400944232940674,"w":0.02575007639825344},"size":365.00640869140627,"orthographic":false}