{"cameraMode":{"drawMode":0,"name":"Shaded","section":"Shading Mode"},"sceneLighting":false,"audioPlay":false,"sceneViewState":{"showFog":false,"showMaterialUpdate":false,"showSkybox":false,"showFlares":false,"showImageEffects":false,"showParticleSystems":false},"in2DMode":false,"pivot":{"x":0.018499135971069337,"y":0.18249940872192384,"z":-0.24394512176513673},"rotation":{"x":-0.15805262327194215,"y":0.28580427169799807,"z":-0.04785437509417534,"w":-0.9439523220062256},"size":35.15253829956055,"orthographic":false}