{"cameraMode":{"drawMode":0,"name":"Shaded","section":"Shading Mode"},"sceneLighting":false,"audioPlay":false,"sceneViewState":{"showFog":false,"showMaterialUpdate":false,"showSkybox":false,"showFlares":false,"showImageEffects":false,"showParticleSystems":false},"in2DMode":false,"pivot":{"x":8.576475143432618,"y":-0.8695473670959473,"z":9.798500061035157},"rotation":{"x":-0.04556649923324585,"y":0.915517270565033,"z":-0.10844077169895172,"w":-0.38469862937927248},"size":17.801177978515626,"orthographic":false}