{"cameraMode":{"drawMode":0,"name":"Shaded","section":"Shading Mode"},"sceneLighting":false,"audioPlay":false,"sceneViewState":{"showFog":false,"showMaterialUpdate":false,"showSkybox":false,"showFlares":false,"showImageEffects":false,"showParticleSystems":false},"in2DMode":false,"pivot":{"x":-0.09801235795021057,"y":0.18044179677963258,"z":0.04374963045120239},"rotation":{"x":-0.15805262327194215,"y":0.28580427169799807,"z":-0.04785437509417534,"w":-0.9439523220062256},"size":0.6906946897506714,"orthographic":false}