{"cameraMode":{"drawMode":0,"name":"Shaded","section":"Shading Mode"},"sceneLighting":false,"audioPlay":false,"sceneViewState":{"showFog":false,"showMaterialUpdate":false,"showSkybox":false,"showFlares":false,"showImageEffects":false,"showParticleSystems":false},"in2DMode":false,"pivot":{"x":1.703682780265808,"y":0.5477237701416016,"z":0.6495280265808106},"rotation":{"x":0.7180473208427429,"y":-0.004180675372481346,"z":0.00428960332646966,"w":0.6959821581840515},"size":26.400009155273439,"orthographic":false}