{"cameraMode":{"drawMode":0,"name":"Shaded","section":"Shading Mode"},"sceneLighting":false,"audioPlay":false,"sceneViewState":{"showFog":false,"showMaterialUpdate":false,"showSkybox":false,"showFlares":false,"showImageEffects":false,"showParticleSystems":false},"in2DMode":false,"pivot":{"x":14.740644454956055,"y":-3.073627471923828,"z":-11.150360107421875},"rotation":{"x":0.07477026432752609,"y":0.20638726651668549,"z":-0.015819525346159936,"w":0.975481390953064},"size":54.561092376708987,"orthographic":false}