{"cameraMode":{"drawMode":0,"name":"Shaded","section":"Shading Mode"},"sceneLighting":false,"audioPlay":false,"sceneViewState":{"showFog":false,"showMaterialUpdate":false,"showSkybox":false,"showFlares":false,"showImageEffects":false,"showParticleSystems":false},"in2DMode":false,"pivot":{"x":11.853715896606446,"y":5.150535583496094,"z":-10.610851287841797},"rotation":{"x":0.04081245884299278,"y":0.3449186682701111,"z":-0.015013455413281918,"w":0.937624990940094},"size":36.290191650390628,"orthographic":false}