{"cameraMode":{"drawMode":0,"name":"Shaded","section":"Shading Mode"},"sceneLighting":false,"audioPlay":false,"sceneViewState":{"showFog":false,"showMaterialUpdate":false,"showSkybox":false,"showFlares":false,"showImageEffects":false,"showParticleSystems":false},"in2DMode":false,"pivot":{"x":-4.420001029968262,"y":0.05949980020523071,"z":5.01059103012085},"rotation":{"x":-0.4542428255081177,"y":-0.5423694252967835,"z":0.45737624168395998,"w":-0.5388475060462952},"size":6.409717082977295,"orthographic":false}