{"cameraMode":{"drawMode":0,"name":"Shaded","section":"Shading Mode"},"sceneLighting":false,"audioPlay":false,"sceneViewState":{"showFog":false,"showMaterialUpdate":false,"showSkybox":false,"showFlares":false,"showImageEffects":false,"showParticleSystems":false},"in2DMode":false,"pivot":{"x":12.91168212890625,"y":-4.224566459655762,"z":1.7627754211425782},"rotation":{"x":-0.1650121510028839,"y":0.22707390785217286,"z":-0.03907202184200287,"w":-0.9590007066726685},"size":22.234561920166017,"orthographic":false}