{"cameraMode":{"drawMode":0,"name":"Shaded","section":"Shading Mode"},"sceneLighting":false,"audioPlay":false,"sceneViewState":{"showFog":false,"showMaterialUpdate":false,"showSkybox":false,"showFlares":false,"showImageEffects":false,"showParticleSystems":false},"in2DMode":false,"pivot":{"x":4.4535908699035648,"y":-2.214210033416748,"z":-3.755082130432129},"rotation":{"x":0.1365085393190384,"y":0.30519819259643557,"z":-0.044254910200834277,"w":0.9414147138595581},"size":9.444397926330567,"orthographic":false}