{"cameraMode":{"drawMode":0,"name":"Shaded","section":"Shading Mode"},"sceneLighting":true,"audioPlay":false,"sceneViewState":{"showFog":false,"showMaterialUpdate":false,"showSkybox":false,"showFlares":false,"showImageEffects":false,"showParticleSystems":false},"in2DMode":false,"pivot":{"x":96.38340759277344,"y":24.01639175415039,"z":108.53155517578125},"rotation":{"x":0.21919862926006318,"y":-0.09204374253749848,"z":0.02077615261077881,"w":0.9711068272590637},"size":77.43287658691406,"orthographic":false}