{"cameraMode":{"drawMode":0,"name":"Shaded","section":"Shading Mode"},"sceneLighting":false,"audioPlay":false,"sceneViewState":{"showFog":false,"showMaterialUpdate":false,"showSkybox":false,"showFlares":false,"showImageEffects":false,"showParticleSystems":false},"in2DMode":false,"pivot":{"x":19.297714233398439,"y":-4.942868232727051,"z":-1.6150214672088624},"rotation":{"x":-0.07759726047515869,"y":-0.714598536491394,"z":0.08029761165380478,"w":-0.6905650496482849},"size":23.75787353515625,"orthographic":false}