{"cameraMode":{"drawMode":0,"name":"Shaded","section":"Shading Mode"},"sceneLighting":false,"audioPlay":false,"sceneViewState":{"showFog":false,"showMaterialUpdate":false,"showSkybox":false,"showFlares":false,"showImageEffects":false,"showParticleSystems":false},"in2DMode":false,"pivot":{"x":151.00442504882813,"y":0.24704360961914063,"z":59.120872497558597},"rotation":{"x":-0.0013866630615666509,"y":-0.7119863033294678,"z":0.7022296786308289,"w":-0.001528868917375803},"size":17.528303146362306,"orthographic":false}