{"cameraMode":{"drawMode":0,"name":"Shaded","section":"Shading Mode"},"sceneLighting":false,"audioPlay":false,"sceneViewState":{"showFog":false,"showMaterialUpdate":false,"showSkybox":false,"showFlares":false,"showImageEffects":false,"showParticleSystems":false},"in2DMode":false,"pivot":{"x":-5.960464477539063e-8,"y":0.987261176109314,"z":0.6477081179618836},"rotation":{"x":0.18853390216827393,"y":-0.04796668887138367,"z":0.00921215396374464,"w":0.9808599948883057},"size":4.808618545532227,"orthographic":false}