{"cameraMode":{"drawMode":0,"name":"Shaded","section":"Shading Mode"},"sceneLighting":false,"audioPlay":false,"sceneViewState":{"showFog":false,"showMaterialUpdate":false,"showSkybox":false,"showFlares":false,"showImageEffects":false,"showParticleSystems":false},"in2DMode":false,"pivot":{"x":2.043026924133301,"y":-1.0879685878753663,"z":1.7555679082870484},"rotation":{"x":-0.07418633252382279,"y":-0.624384880065918,"z":0.05974644050002098,"w":-0.7752875685691834},"size":11.431816101074219,"orthographic":false}