{"cameraMode":{"drawMode":0,"name":"Shaded","section":"Shading Mode"},"sceneLighting":false,"audioPlay":false,"sceneViewState":{"showFog":false,"showMaterialUpdate":false,"showSkybox":false,"showFlares":false,"showImageEffects":false,"showParticleSystems":false},"in2DMode":false,"pivot":{"x":237.47750854492188,"y":0.2308349609375,"z":420.4133605957031},"rotation":{"x":0.0034470101818442346,"y":-0.6953359246253967,"z":0.7186689972877502,"w":0.0033351187594234945},"size":871.1173095703125,"orthographic":false}