{"cameraMode":{"drawMode":0,"name":"Shaded","section":"Shading Mode"},"sceneLighting":false,"audioPlay":false,"sceneViewState":{"showFog":false,"showMaterialUpdate":false,"showSkybox":false,"showFlares":false,"showImageEffects":false,"showParticleSystems":false},"in2DMode":false,"pivot":{"x":-24.852203369140626,"y":4.542102336883545,"z":14.415363311767579},"rotation":{"x":-0.09685293585062027,"y":-0.842897355556488,"z":0.1620168685913086,"w":-0.5038792490959168},"size":7.638752460479736,"orthographic":false}