{"cameraMode":{"drawMode":0,"name":"Shaded","section":"Shading Mode"},"sceneLighting":false,"audioPlay":false,"sceneViewState":{"showFog":false,"showMaterialUpdate":false,"showSkybox":false,"showFlares":false,"showImageEffects":false,"showParticleSystems":false},"in2DMode":false,"pivot":{"x":-17.509557723999025,"y":7.139495372772217,"z":21.101112365722658},"rotation":{"x":-0.15600156784057618,"y":-0.056269560009241107,"z":0.008901619352400303,"w":-0.9861128330230713},"size":63.08247375488281,"orthographic":false}