{"cameraMode":{"drawMode":0,"name":"Shaded","section":"Shading Mode"},"sceneLighting":true,"audioPlay":false,"sceneViewState":{"showFog":false,"showMaterialUpdate":false,"showSkybox":false,"showFlares":false,"showImageEffects":false,"showParticleSystems":false},"in2DMode":false,"pivot":{"x":30.053302764892579,"y":3.767831325531006,"z":51.68556594848633},"rotation":{"x":-0.028493542224168779,"y":-0.01349411066621542,"z":-0.00038468610728159547,"w":0.9995028376579285},"size":0.6930007338523865,"orthographic":false}