{"cameraMode":{"drawMode":0,"name":"Shaded","section":"Shading Mode"},"sceneLighting":false,"audioPlay":false,"sceneViewState":{"showFog":false,"showMaterialUpdate":false,"showSkybox":false,"showFlares":false,"showImageEffects":false,"showParticleSystems":false},"in2DMode":false,"pivot":{"x":0.26852840185165408,"y":0.9828038215637207,"z":0.2042219638824463},"rotation":{"x":0.4505113661289215,"y":0.01395562756806612,"z":-0.007041312288492918,"w":0.8926416039466858},"size":5.4200053215026859,"orthographic":false}