{"cameraMode":{"drawMode":0,"name":"Shaded","section":"Shading Mode"},"sceneLighting":false,"audioPlay":false,"sceneViewState":{"showFog":false,"showMaterialUpdate":false,"showSkybox":false,"showFlares":false,"showImageEffects":false,"showParticleSystems":false},"in2DMode":false,"pivot":{"x":5.403672695159912,"y":0.40296363830566409,"z":-7.814894676208496},"rotation":{"x":-0.1544809490442276,"y":0.06072050333023071,"z":-0.009512695483863354,"w":-0.9860825538635254},"size":16.053794860839845,"orthographic":false}