{"cameraMode":{"drawMode":0,"name":"Shaded","section":"Shading Mode"},"sceneLighting":false,"audioPlay":false,"sceneViewState":{"showFog":false,"showMaterialUpdate":false,"showSkybox":false,"showFlares":false,"showImageEffects":false,"showParticleSystems":false},"in2DMode":false,"pivot":{"x":11.192652702331543,"y":16.38589096069336,"z":-8.520004272460938},"rotation":{"x":-0.03388016298413277,"y":0.427899569272995,"z":0.01605389453470707,"w":0.9030489325523377},"size":74.62652587890625,"orthographic":false}