{"cameraMode":{"drawMode":0,"name":"Shaded","section":"Shading Mode"},"sceneLighting":false,"audioPlay":false,"sceneViewState":{"showFog":false,"showMaterialUpdate":false,"showSkybox":false,"showFlares":false,"showImageEffects":false,"showParticleSystems":false},"in2DMode":false,"pivot":{"x":52.79010009765625,"y":-1.3020868301391602,"z":-38.16691589355469},"rotation":{"x":-0.008849985897541047,"y":-0.9007830023765564,"z":0.01837681047618389,"w":-0.43379107117652895},"size":70.1358642578125,"orthographic":false}