{"cameraMode":{"drawMode":0,"name":"Shaded","section":"Shading Mode"},"sceneLighting":false,"audioPlay":false,"sceneViewState":{"showFog":false,"showMaterialUpdate":false,"showSkybox":false,"showFlares":false,"showImageEffects":false,"showParticleSystems":false},"in2DMode":false,"pivot":{"x":12.93377685546875,"y":-0.318267822265625,"z":-9.149279594421387},"rotation":{"x":-0.05265737324953079,"y":-0.7721711993217468,"z":0.06454731523990631,"w":-0.6299309134483337},"size":16.956586837768556,"orthographic":false}