{"cameraMode":{"drawMode":0,"name":"Shaded","section":"Shading Mode"},"sceneLighting":false,"audioPlay":false,"sceneViewState":{"showFog":false,"showMaterialUpdate":false,"showSkybox":false,"showFlares":false,"showImageEffects":false,"showParticleSystems":false},"in2DMode":false,"pivot":{"x":9.5367431640625e-7,"y":0.06050010770559311,"z":-1.4999992847442628},"rotation":{"x":0.011669551953673363,"y":-0.6850736737251282,"z":0.7283370494842529,"w":0.01085537951439619},"size":20.49843978881836,"orthographic":false}