{"cameraMode":{"drawMode":0,"name":"Shaded","section":"Shading Mode"},"sceneLighting":false,"audioPlay":false,"sceneViewState":{"showFog":false,"showMaterialUpdate":false,"showSkybox":false,"showFlares":false,"showImageEffects":false,"showParticleSystems":false},"in2DMode":false,"pivot":{"x":18.580005645751954,"y":0.4170790910720825,"z":-8.997777938842774},"rotation":{"x":-0.02021465077996254,"y":-0.3842548429965973,"z":0.008415687829256058,"w":-0.9229678511619568},"size":27.285505294799806,"orthographic":false}