{"cameraMode":{"drawMode":0,"name":"Shaded","section":"Shading Mode"},"sceneLighting":false,"audioPlay":false,"sceneViewState":{"showFog":false,"showMaterialUpdate":false,"showSkybox":false,"showFlares":false,"showImageEffects":false,"showParticleSystems":false},"in2DMode":false,"pivot":{"x":-0.27341800928115847,"y":-0.06352058053016663,"z":0.02257239818572998},"rotation":{"x":-0.15805262327194215,"y":0.28580427169799807,"z":-0.04785437509417534,"w":-0.9439523220062256},"size":1.6389600038528443,"orthographic":false}