{"cameraMode":{"drawMode":0,"name":"Shaded","section":"Shading Mode"},"sceneLighting":false,"audioPlay":false,"sceneViewState":{"showFog":false,"showMaterialUpdate":false,"showSkybox":false,"showFlares":false,"showImageEffects":false,"showParticleSystems":false},"in2DMode":false,"pivot":{"x":17.985248565673829,"y":-3.041236400604248,"z":21.397350311279298},"rotation":{"x":-0.07721763849258423,"y":0.41174331307411196,"z":-0.03504059836268425,"w":-0.9073464274406433},"size":25.56729507446289,"orthographic":false}