{"cameraMode":{"drawMode":0,"name":"Shaded","section":"Shading Mode"},"sceneLighting":true,"audioPlay":false,"sceneViewState":{"showFog":false,"showMaterialUpdate":false,"showSkybox":false,"showFlares":false,"showImageEffects":false,"showParticleSystems":false},"in2DMode":false,"pivot":{"x":62.588069915771487,"y":-13.660820007324219,"z":13.051994323730469},"rotation":{"x":0.11246254295110703,"y":0.8455805778503418,"z":-0.19673709571361543,"w":0.48336565494537356},"size":139.78994750976563,"orthographic":false}