{"cameraMode":{"drawMode":0,"name":"Shaded","section":"Shading Mode"},"sceneLighting":false,"audioPlay":false,"sceneViewState":{"showFog":false,"showMaterialUpdate":false,"showSkybox":false,"showFlares":false,"showImageEffects":false,"showParticleSystems":false},"in2DMode":false,"pivot":{"x":14.19953727722168,"y":-3.924097776412964,"z":5.703173637390137},"rotation":{"x":-0.16301588714122773,"y":0.15761752426624299,"z":-0.02639116533100605,"w":-0.9735946655273438},"size":22.85028076171875,"orthographic":false}