{"cameraMode":{"drawMode":0,"name":"Shaded","section":"Shading Mode"},"sceneLighting":true,"audioPlay":false,"sceneViewState":{"showFog":true,"showMaterialUpdate":true,"showSkybox":true,"showFlares":true,"showImageEffects":true,"showParticleSystems":true},"in2DMode":false,"pivot":{"x":90.62527465820313,"y":-18.851760864257814,"z":213.8528289794922},"rotation":{"x":-0.14415417611598969,"y":-0.3596445620059967,"z":0.0563424751162529,"w":-0.920164167881012},"size":201.52610778808595,"orthographic":false}