{"cameraMode":{"drawMode":0,"name":"Shaded","section":"Shading Mode"},"sceneLighting":false,"audioPlay":false,"sceneViewState":{"showFog":false,"showMaterialUpdate":false,"showSkybox":false,"showFlares":false,"showImageEffects":false,"showParticleSystems":false},"in2DMode":false,"pivot":{"x":18.054153442382814,"y":-8.19894790649414,"z":-14.539569854736329},"rotation":{"x":-0.1650121510028839,"y":0.22707390785217286,"z":-0.03907202184200287,"w":-0.9590007066726685},"size":31.054515838623048,"orthographic":false}