{"cameraMode":{"drawMode":0,"name":"Shaded","section":"Shading Mode"},"sceneLighting":true,"audioPlay":false,"sceneViewState":{"showFog":true,"showMaterialUpdate":true,"showSkybox":true,"showFlares":true,"showImageEffects":true,"showParticleSystems":true},"in2DMode":false,"pivot":{"x":108.93230438232422,"y":53.686180114746097,"z":187.3759765625},"rotation":{"x":-0.20047253370285035,"y":-0.20316633582115174,"z":0.042539071291685107,"w":-0.9574580788612366},"size":180.90203857421876,"orthographic":false}