{"cameraMode":{"drawMode":0,"name":"Shaded","section":"Shading Mode"},"sceneLighting":false,"audioPlay":false,"sceneViewState":{"showFog":false,"showMaterialUpdate":false,"showSkybox":false,"showFlares":false,"showImageEffects":false,"showParticleSystems":false},"in2DMode":false,"pivot":{"x":10.166427612304688,"y":10.684736251831055,"z":-8.173664093017579},"rotation":{"x":0.10481546819210053,"y":0.6595140099525452,"z":-0.0936126857995987,"w":0.7384392023086548},"size":37.567962646484378,"orthographic":false}