{"cameraMode":{"drawMode":0,"name":"Shaded","section":"Shading Mode"},"sceneLighting":false,"audioPlay":false,"sceneViewState":{"showFog":false,"showMaterialUpdate":false,"showSkybox":false,"showFlares":false,"showImageEffects":false,"showParticleSystems":false},"in2DMode":false,"pivot":{"x":-10.921942710876465,"y":-2.081620693206787,"z":-5.768946647644043},"rotation":{"x":-0.08073525875806809,"y":0.39112386107444765,"z":-0.034468039870262149,"w":-0.9161422252655029},"size":16.51853370666504,"orthographic":false}