{"cameraMode":{"drawMode":0,"name":"Shaded","section":"Shading Mode"},"sceneLighting":false,"audioPlay":false,"sceneViewState":{"showFog":false,"showMaterialUpdate":false,"showSkybox":false,"showFlares":false,"showImageEffects":false,"showParticleSystems":false},"in2DMode":false,"pivot":{"x":23.64040756225586,"y":-11.960517883300782,"z":-2.2827415466308595},"rotation":{"x":-0.17543351650238038,"y":-0.362428218126297,"z":0.06966375559568405,"w":-0.9126972556114197},"size":33.68067169189453,"orthographic":false}