{"cameraMode":{"drawMode":0,"name":"Shaded","section":"Shading Mode"},"sceneLighting":false,"audioPlay":false,"sceneViewState":{"showFog":false,"showMaterialUpdate":false,"showSkybox":false,"showFlares":false,"showImageEffects":false,"showParticleSystems":false},"in2DMode":false,"pivot":{"x":-15.186263084411621,"y":0.7751784324645996,"z":-6.431413173675537},"rotation":{"x":-0.0486399307847023,"y":0.5722663402557373,"z":-0.0340317040681839,"w":-0.8179168701171875},"size":15.513433456420899,"orthographic":false}