{"cameraMode":{"drawMode":0,"name":"Shaded","section":"Shading Mode"},"sceneLighting":false,"audioPlay":false,"sceneViewState":{"showFog":false,"showMaterialUpdate":false,"showSkybox":false,"showFlares":false,"showImageEffects":false,"showParticleSystems":false},"in2DMode":false,"pivot":{"x":-1.650156021118164,"y":1.4573798179626465,"z":10.041656494140625},"rotation":{"x":0.1049078181385994,"y":0.8485495448112488,"z":-0.1835249811410904,"w":0.4850541353225708},"size":6.942901611328125,"orthographic":false}