{"cameraMode":{"drawMode":0,"name":"Shaded","section":"Shading Mode"},"sceneLighting":false,"audioPlay":false,"sceneViewState":{"showFog":false,"showMaterialUpdate":false,"showSkybox":false,"showFlares":false,"showImageEffects":false,"showParticleSystems":false},"in2DMode":false,"pivot":{"x":-42.375,"y":0.08000002801418305,"z":-13.930000305175782},"rotation":{"x":0.49610209465026858,"y":0.5036141276359558,"z":-0.48785659670829775,"w":0.512140691280365},"size":239.06224060058595,"orthographic":false}