{"cameraMode":{"drawMode":0,"name":"Shaded","section":"Shading Mode"},"sceneLighting":false,"audioPlay":false,"sceneViewState":{"showFog":false,"showMaterialUpdate":false,"showSkybox":false,"showFlares":false,"showImageEffects":false,"showParticleSystems":false},"in2DMode":false,"pivot":{"x":10.710769653320313,"y":12.7911376953125,"z":-8.120768547058106},"rotation":{"x":0.10481546819210053,"y":0.6595140099525452,"z":-0.0936126857995987,"w":0.7384392023086548},"size":39.69014358520508,"orthographic":false}