{"cameraMode":{"drawMode":0,"name":"Shaded","section":"Shading Mode"},"sceneLighting":false,"audioPlay":false,"sceneViewState":{"showFog":false,"showMaterialUpdate":false,"showSkybox":false,"showFlares":false,"showImageEffects":false,"showParticleSystems":false},"in2DMode":false,"pivot":{"x":0.002332717180252075,"y":0.488178551197052,"z":-0.21521127223968507},"rotation":{"x":-0.15805262327194215,"y":0.28580427169799807,"z":-0.04785437509417534,"w":-0.9439523220062256},"size":3.3330442905426027,"orthographic":false}