{"cameraMode":{"drawMode":0,"name":"Shaded","section":"Shading Mode"},"sceneLighting":false,"audioPlay":false,"sceneViewState":{"showFog":false,"showMaterialUpdate":false,"showSkybox":false,"showFlares":false,"showImageEffects":false,"showParticleSystems":false},"in2DMode":false,"pivot":{"x":-59.94000244140625,"y":-0.039499681442976,"z":155.9949951171875},"rotation":{"x":-0.4440910220146179,"y":-0.5527940392494202,"z":0.45764654874801638,"w":-0.5364429354667664},"size":73.99126434326172,"orthographic":false}