{"cameraMode":{"drawMode":0,"name":"Shaded","section":"Shading Mode"},"sceneLighting":false,"audioPlay":false,"sceneViewState":{"showFog":false,"showMaterialUpdate":false,"showSkybox":false,"showFlares":false,"showImageEffects":false,"showParticleSystems":false},"in2DMode":false,"pivot":{"x":7.0,"y":-0.030000239610671998,"z":-64.19999694824219},"rotation":{"x":-0.15600156784057618,"y":-0.056269560009241107,"z":0.008901619352400303,"w":-0.9861128330230713},"size":47.59357833862305,"orthographic":false}