{"cameraMode":{"drawMode":0,"name":"Shaded","section":"Shading Mode"},"sceneLighting":false,"audioPlay":false,"sceneViewState":{"showFog":false,"showMaterialUpdate":false,"showSkybox":false,"showFlares":false,"showImageEffects":false,"showParticleSystems":false},"in2DMode":false,"pivot":{"x":27.324569702148439,"y":0.34734058380126955,"z":2.4236087799072267},"rotation":{"x":-0.05181099474430084,"y":-0.6304851174354553,"z":0.04224124550819397,"w":-0.7733177542686462},"size":46.21063232421875,"orthographic":false}