{"cameraMode":{"drawMode":0,"name":"Shaded","section":"Shading Mode"},"sceneLighting":false,"audioPlay":false,"sceneViewState":{"showFog":false,"showMaterialUpdate":false,"showSkybox":false,"showFlares":false,"showImageEffects":false,"showParticleSystems":false},"in2DMode":false,"pivot":{"x":30.41265869140625,"y":-5.4185638427734379,"z":-18.388574600219728},"rotation":{"x":-0.07845432311296463,"y":-0.6286529302597046,"z":0.06396353989839554,"w":-0.7710704803466797},"size":41.086029052734378,"orthographic":false}