{"cameraMode":{"drawMode":0,"name":"Shaded","section":"Shading Mode"},"sceneLighting":false,"audioPlay":false,"sceneViewState":{"showFog":false,"showMaterialUpdate":false,"showSkybox":false,"showFlares":false,"showImageEffects":false,"showParticleSystems":false},"in2DMode":false,"pivot":{"x":4.136676788330078,"y":0.793419599533081,"z":-0.3379192352294922},"rotation":{"x":-0.1650121510028839,"y":0.22707390785217286,"z":-0.03907202184200287,"w":-0.9590007066726685},"size":7.852917194366455,"orthographic":false}