{"cameraMode":{"drawMode":0,"name":"Shaded","section":"Shading Mode"},"sceneLighting":false,"audioPlay":false,"sceneViewState":{"showFog":false,"showMaterialUpdate":false,"showSkybox":false,"showFlares":false,"showImageEffects":false,"showParticleSystems":false},"in2DMode":false,"pivot":{"x":-6.999997615814209,"y":0.0005003418773412705,"z":123.96501159667969},"rotation":{"x":-0.45172542333602908,"y":-0.5469984412193298,"z":0.47255539894104006,"w":-0.5229124426841736},"size":72.62504577636719,"orthographic":false}