{"cameraMode":{"drawMode":0,"name":"Shaded","section":"Shading Mode"},"sceneLighting":true,"audioPlay":false,"sceneViewState":{"showFog":false,"showMaterialUpdate":false,"showSkybox":false,"showFlares":false,"showImageEffects":false,"showParticleSystems":false},"in2DMode":false,"pivot":{"x":61.951927185058597,"y":15.692401885986329,"z":-16.48711395263672},"rotation":{"x":0.11246254295110703,"y":0.8455805778503418,"z":-0.19673709571361543,"w":0.48336565494537356},"size":136.34580993652345,"orthographic":false}