{"cameraMode":{"drawMode":0,"name":"Shaded","section":"Shading Mode"},"sceneLighting":false,"audioPlay":false,"sceneViewState":{"showFog":false,"showMaterialUpdate":false,"showSkybox":false,"showFlares":false,"showImageEffects":false,"showParticleSystems":false},"in2DMode":false,"pivot":{"x":19.028793334960939,"y":1.4333490133285523,"z":-9.967042922973633},"rotation":{"x":-0.01078751403838396,"y":-0.7344551682472229,"z":0.011677400209009648,"w":-0.6784713268280029},"size":28.49526596069336,"orthographic":false}