{"cameraMode":{"drawMode":0,"name":"Shaded","section":"Shading Mode"},"sceneLighting":false,"audioPlay":false,"sceneViewState":{"showFog":false,"showMaterialUpdate":false,"showSkybox":false,"showFlares":false,"showImageEffects":false,"showParticleSystems":false},"in2DMode":false,"pivot":{"x":-14.087867736816407,"y":-4.486338138580322,"z":-3.0522842407226564},"rotation":{"x":0.09263452142477036,"y":0.8043943047523499,"z":-0.13022549450397492,"w":0.5721979737281799},"size":24.651771545410158,"orthographic":false}