{"cameraMode":{"drawMode":0,"name":"Shaded","section":"Shading Mode"},"sceneLighting":false,"audioPlay":false,"sceneViewState":{"showFog":false,"showMaterialUpdate":false,"showSkybox":false,"showFlares":false,"showImageEffects":false,"showParticleSystems":false},"in2DMode":false,"pivot":{"x":385.0339660644531,"y":-16.068092346191408,"z":101.59180450439453},"rotation":{"x":-0.6487179398536682,"y":-1.9920669558359806e-7,"z":4.579491452716411e-9,"w":-0.7610293030738831},"size":36.78245544433594,"orthographic":false}