{"cameraMode":{"drawMode":0,"name":"Shaded","section":"Shading Mode"},"sceneLighting":true,"audioPlay":false,"sceneViewState":{"showFog":false,"showMaterialUpdate":false,"showSkybox":false,"showFlares":false,"showImageEffects":false,"showParticleSystems":false},"in2DMode":false,"pivot":{"x":6.281907558441162,"y":2.4975028038024904,"z":755.305908203125},"rotation":{"x":-0.1118232011795044,"y":0.5459797978401184,"z":-0.07382384687662125,"w":-0.8270137906074524},"size":5.022531032562256,"orthographic":false}