{"cameraMode":{"drawMode":0,"name":"Shaded","section":"Shading Mode"},"sceneLighting":false,"audioPlay":false,"sceneViewState":{"showFog":false,"showMaterialUpdate":false,"showSkybox":false,"showFlares":false,"showImageEffects":false,"showParticleSystems":false},"in2DMode":false,"pivot":{"x":39.91944885253906,"y":-16.472270965576173,"z":38.85321044921875},"rotation":{"x":-0.1372871845960617,"y":-0.30657002329826357,"z":0.044734835624694827,"w":-0.940832793712616},"size":59.56584548950195,"orthographic":false}