{"cameraMode":{"drawMode":0,"name":"Shaded","section":"Shading Mode"},"sceneLighting":false,"audioPlay":false,"sceneViewState":{"showFog":false,"showMaterialUpdate":false,"showSkybox":false,"showFlares":false,"showImageEffects":false,"showParticleSystems":false},"in2DMode":false,"pivot":{"x":1.4568310976028443,"y":0.6187065839767456,"z":-11.6253080368042},"rotation":{"x":-0.1271630823612213,"y":-0.4687471389770508,"z":0.06839991360902786,"w":-0.8714514374732971},"size":3.4419450759887697,"orthographic":false}