{"cameraMode":{"drawMode":0,"name":"Shaded","section":"Shading Mode"},"sceneLighting":false,"audioPlay":false,"sceneViewState":{"showFog":false,"showMaterialUpdate":false,"showSkybox":false,"showFlares":false,"showImageEffects":false,"showParticleSystems":false},"in2DMode":false,"pivot":{"x":2.673419237136841,"y":-1.083801031112671,"z":-5.201593399047852},"rotation":{"x":-0.12744976580142976,"y":-0.22987179458141328,"z":0.030379649251699449,"w":-0.9643614888191223},"size":9.961706161499024,"orthographic":false}