{"cameraMode":{"drawMode":0,"name":"Shaded","section":"Shading Mode"},"sceneLighting":false,"audioPlay":false,"sceneViewState":{"showFog":false,"showMaterialUpdate":false,"showSkybox":false,"showFlares":false,"showImageEffects":false,"showParticleSystems":false},"in2DMode":false,"pivot":{"x":-55.55876922607422,"y":-0.44476318359375,"z":46.72036361694336},"rotation":{"x":0.04081245884299278,"y":0.3449186682701111,"z":-0.015013455413281918,"w":0.937624990940094},"size":103.65508270263672,"orthographic":false}