{"cameraMode":{"drawMode":0,"name":"Shaded","section":"Shading Mode"},"sceneLighting":false,"audioPlay":false,"sceneViewState":{"showFog":false,"showMaterialUpdate":false,"showSkybox":false,"showFlares":false,"showImageEffects":false,"showParticleSystems":false},"in2DMode":false,"pivot":{"x":50.53896713256836,"y":-10.017532348632813,"z":-14.26046371459961},"rotation":{"x":-0.1650121510028839,"y":0.22707390785217286,"z":-0.03907202184200287,"w":-0.9590007066726685},"size":34.07461929321289,"orthographic":false}