{"cameraMode":{"drawMode":0,"name":"Shaded","section":"Shading Mode"},"sceneLighting":false,"audioPlay":false,"sceneViewState":{"showFog":false,"showMaterialUpdate":false,"showSkybox":false,"showFlares":false,"showImageEffects":false,"showParticleSystems":false},"in2DMode":false,"pivot":{"x":378.9500732421875,"y":-0.029999814927577974,"z":91.9599838256836},"rotation":{"x":-0.15600156784057618,"y":-0.056269560009241107,"z":0.008901619352400303,"w":-0.9861128330230713},"size":72.61910247802735,"orthographic":false}