{"cameraMode":{"drawMode":0,"name":"Shaded","section":"Shading Mode"},"sceneLighting":false,"audioPlay":false,"sceneViewState":{"showFog":false,"showMaterialUpdate":false,"showSkybox":false,"showFlares":false,"showImageEffects":false,"showParticleSystems":false},"in2DMode":false,"pivot":{"x":19.691226959228517,"y":-2.830984115600586,"z":-14.358673095703125},"rotation":{"x":0.029703760519623758,"y":0.904492974281311,"z":-0.06387259066104889,"w":0.4206317663192749},"size":34.752960205078128,"orthographic":false}