{"cameraMode":{"drawMode":0,"name":"Shaded","section":"Shading Mode"},"sceneLighting":false,"audioPlay":false,"sceneViewState":{"showFog":false,"showMaterialUpdate":false,"showSkybox":false,"showFlares":false,"showImageEffects":false,"showParticleSystems":false},"in2DMode":false,"pivot":{"x":11.560604095458985,"y":3.0733094215393068,"z":85.78706359863281},"rotation":{"x":0.16965101659297944,"y":0.07678531855344773,"z":-0.013259709812700749,"w":0.9824203252792358},"size":18.455167770385743,"orthographic":false}