{"cameraMode":{"drawMode":0,"name":"Shaded","section":"Shading Mode"},"sceneLighting":false,"audioPlay":false,"sceneViewState":{"showFog":false,"showMaterialUpdate":false,"showSkybox":false,"showFlares":false,"showImageEffects":false,"showParticleSystems":false},"in2DMode":false,"pivot":{"x":-29.915283203125,"y":17.61696434020996,"z":-9.679560661315918},"rotation":{"x":-0.15600156784057618,"y":-0.056269560009241107,"z":0.008901619352400303,"w":-0.9861128330230713},"size":82.05162811279297,"orthographic":false}