{"cameraMode":{"drawMode":0,"name":"Shaded","section":"Shading Mode"},"sceneLighting":false,"audioPlay":false,"sceneViewState":{"showFog":false,"showMaterialUpdate":false,"showSkybox":false,"showFlares":false,"showImageEffects":false,"showParticleSystems":false},"in2DMode":false,"pivot":{"x":1.7789535522460938,"y":19.81463050842285,"z":-11.531974792480469},"rotation":{"x":0.04308171942830086,"y":0.6015185713768005,"z":-0.03251364827156067,"w":0.7970337271690369},"size":34.61132049560547,"orthographic":false}