{"cameraMode":{"drawMode":0,"name":"Shaded","section":"Shading Mode"},"sceneLighting":false,"audioPlay":false,"sceneViewState":{"showFog":false,"showMaterialUpdate":false,"showSkybox":false,"showFlares":false,"showImageEffects":false,"showParticleSystems":false},"in2DMode":false,"pivot":{"x":6.495939254760742,"y":-3.1766490936279299,"z":-61.22535705566406},"rotation":{"x":-0.1462363600730896,"y":0.4092087745666504,"z":-0.06662522256374359,"w":-0.8981785774230957},"size":18.267580032348634,"orthographic":false}