{"cameraMode":{"drawMode":0,"name":"Shaded","section":"Shading Mode"},"sceneLighting":false,"audioPlay":false,"sceneViewState":{"showFog":false,"showMaterialUpdate":false,"showSkybox":false,"showFlares":false,"showImageEffects":false,"showParticleSystems":false},"in2DMode":false,"pivot":{"x":0.3335665464401245,"y":0.049101635813713077,"z":-14.277929306030274},"rotation":{"x":0.04308171942830086,"y":0.6015185713768005,"z":-0.03251364827156067,"w":0.7970337271690369},"size":1.3882415294647217,"orthographic":false}