{"cameraMode":{"drawMode":0,"name":"Shaded","section":"Shading Mode"},"sceneLighting":false,"audioPlay":false,"sceneViewState":{"showFog":false,"showMaterialUpdate":false,"showSkybox":false,"showFlares":false,"showImageEffects":false,"showParticleSystems":false},"in2DMode":false,"pivot":{"x":-0.19579556584358216,"y":2.6545345783233644,"z":-0.33583784103393557},"rotation":{"x":0.1981247514486313,"y":0.6744769811630249,"z":-0.1954108029603958,"w":0.6838458776473999},"size":9.092326164245606,"orthographic":false}