{"cameraMode":{"drawMode":0,"name":"Shaded","section":"Shading Mode"},"sceneLighting":false,"audioPlay":false,"sceneViewState":{"showFog":false,"showMaterialUpdate":false,"showSkybox":false,"showFlares":false,"showImageEffects":false,"showParticleSystems":false},"in2DMode":false,"pivot":{"x":9.345523834228516,"y":-4.248479843139648,"z":6.813259124755859},"rotation":{"x":-0.1650121510028839,"y":0.22707390785217286,"z":-0.03907202184200287,"w":-0.9590007066726685},"size":79.58163452148438,"orthographic":false}