{"cameraMode":{"drawMode":0,"name":"Shaded","section":"Shading Mode"},"sceneLighting":false,"audioPlay":false,"sceneViewState":{"showFog":false,"showMaterialUpdate":false,"showSkybox":false,"showFlares":false,"showImageEffects":false,"showParticleSystems":false},"in2DMode":false,"pivot":{"x":-1.381516456604004,"y":-0.9104595184326172,"z":-3.250096321105957},"rotation":{"x":-0.3069915473461151,"y":-0.6293257474899292,"z":0.29773497581481936,"w":-0.6488914489746094},"size":15.394317626953125,"orthographic":false}