{"cameraMode":{"drawMode":0,"name":"Shaded","section":"Shading Mode"},"sceneLighting":false,"audioPlay":false,"sceneViewState":{"showFog":false,"showMaterialUpdate":false,"showSkybox":false,"showFlares":false,"showImageEffects":false,"showParticleSystems":false},"in2DMode":false,"pivot":{"x":-0.5838298797607422,"y":11.973749160766602,"z":6.323713302612305},"rotation":{"x":0.17800584435462953,"y":0.266390323638916,"z":-0.05012807622551918,"w":0.9459585547447205},"size":37.771202087402347,"orthographic":false}