{"cameraMode":{"drawMode":0,"name":"Shaded","section":"Shading Mode"},"sceneLighting":false,"audioPlay":false,"sceneViewState":{"showFog":false,"showMaterialUpdate":false,"showSkybox":false,"showFlares":false,"showImageEffects":false,"showParticleSystems":false},"in2DMode":false,"pivot":{"x":12.631003379821778,"y":-3.8026089668273927,"z":-4.313562393188477},"rotation":{"x":-0.1095997616648674,"y":-0.4142793118953705,"z":0.05033096298575401,"w":-0.9021240472793579},"size":20.363922119140626,"orthographic":false}