{"cameraMode":{"drawMode":0,"name":"Shaded","section":"Shading Mode"},"sceneLighting":false,"audioPlay":false,"sceneViewState":{"showFog":false,"showMaterialUpdate":false,"showSkybox":false,"showFlares":false,"showImageEffects":false,"showParticleSystems":false},"in2DMode":false,"pivot":{"x":-82.33999633789063,"y":0.07049955427646637,"z":68.56999206542969},"rotation":{"x":-0.45172542333602908,"y":-0.5469984412193298,"z":0.47255539894104006,"w":-0.5229124426841736},"size":60.31943893432617,"orthographic":false}