{"cameraMode":{"drawMode":0,"name":"Shaded","section":"Shading Mode"},"sceneLighting":false,"audioPlay":false,"sceneViewState":{"showFog":false,"showMaterialUpdate":false,"showSkybox":false,"showFlares":false,"showImageEffects":false,"showParticleSystems":false},"in2DMode":false,"pivot":{"x":4.352146148681641,"y":6.091348648071289,"z":-2.847454071044922},"rotation":{"x":0.04081245884299278,"y":0.3449186682701111,"z":-0.015013455413281918,"w":0.937624990940094},"size":32.24839401245117,"orthographic":false}