{"cameraMode":{"drawMode":0,"name":"Shaded","section":"Shading Mode"},"sceneLighting":false,"audioPlay":false,"sceneViewState":{"showFog":false,"showMaterialUpdate":false,"showSkybox":false,"showFlares":false,"showImageEffects":false,"showParticleSystems":false},"in2DMode":false,"pivot":{"x":0.44299983978271487,"y":0.07049952447414398,"z":4.76837158203125e-7},"rotation":{"x":0.45316895842552187,"y":-0.5442240238189697,"z":0.46165040135383608,"w":0.5342051386833191},"size":60.343544006347659,"orthographic":false}