{"cameraMode":{"drawMode":0,"name":"Shaded","section":"Shading Mode"},"sceneLighting":false,"audioPlay":false,"sceneViewState":{"showFog":false,"showMaterialUpdate":false,"showSkybox":false,"showFlares":false,"showImageEffects":false,"showParticleSystems":false},"in2DMode":false,"pivot":{"x":2.1278340816497804,"y":-0.5143559575080872,"z":-3.7453269958496095},"rotation":{"x":-0.08888337761163712,"y":-0.4985622465610504,"z":0.05148285999894142,"w":-0.8607470393180847},"size":3.1896724700927736,"orthographic":false}