{"cameraMode":{"drawMode":0,"name":"Shaded","section":"Shading Mode"},"sceneLighting":false,"audioPlay":false,"sceneViewState":{"showFog":false,"showMaterialUpdate":false,"showSkybox":false,"showFlares":false,"showImageEffects":false,"showParticleSystems":false},"in2DMode":false,"pivot":{"x":-6.5684309005737309,"y":-4.25016975402832,"z":-2.9593448638916017},"rotation":{"x":-0.18251776695251466,"y":-0.06042512506246567,"z":0.011238906532526017,"w":-0.9812799096107483},"size":15.213319778442383,"orthographic":false}