{"cameraMode":{"drawMode":0,"name":"Shaded","section":"Shading Mode"},"sceneLighting":false,"audioPlay":false,"sceneViewState":{"showFog":false,"showMaterialUpdate":false,"showSkybox":false,"showFlares":false,"showImageEffects":false,"showParticleSystems":false},"in2DMode":false,"pivot":{"x":-7.704021453857422,"y":0.8085861206054688,"z":33.35449981689453},"rotation":{"x":0.6957204341888428,"y":-0.009700322523713112,"z":0.009374281391501427,"w":0.7181987762451172},"size":53.99563217163086,"orthographic":false}