{"cameraMode":{"drawMode":0,"name":"Shaded","section":"Shading Mode"},"sceneLighting":false,"audioPlay":false,"sceneViewState":{"showFog":false,"showMaterialUpdate":false,"showSkybox":false,"showFlares":false,"showImageEffects":false,"showParticleSystems":false},"in2DMode":false,"pivot":{"x":-1.2833268642425538,"y":-2.8830747604370119,"z":3.1171932220458986},"rotation":{"x":0.5108657479286194,"y":-0.3982850909233093,"z":0.2885614335536957,"w":0.7050929665565491},"size":9.402597427368164,"orthographic":false}