{"cameraMode":{"drawMode":0,"name":"Shaded","section":"Shading Mode"},"sceneLighting":false,"audioPlay":false,"sceneViewState":{"showFog":false,"showMaterialUpdate":false,"showSkybox":false,"showFlares":false,"showImageEffects":false,"showParticleSystems":false},"in2DMode":false,"pivot":{"x":-4.080383777618408,"y":-1.3822956085205079,"z":-0.2726898193359375},"rotation":{"x":0.1111803874373436,"y":0.3952156603336334,"z":-0.04825644940137863,"w":0.9105576872825623},"size":6.10739803314209,"orthographic":false}