{"cameraMode":{"drawMode":0,"name":"Shaded","section":"Shading Mode"},"sceneLighting":true,"audioPlay":false,"sceneViewState":{"showFog":false,"showMaterialUpdate":false,"showSkybox":false,"showFlares":false,"showImageEffects":false,"showParticleSystems":false},"in2DMode":false,"pivot":{"x":-87.44287109375,"y":1.1300048828125,"z":108.09524536132813},"rotation":{"x":-0.20294836163520814,"y":0.11485026031732559,"z":-0.023976778611540796,"w":-0.9721351265907288},"size":352.46734619140627,"orthographic":false}