{"cameraMode":{"drawMode":0,"name":"Shaded","section":"Shading Mode"},"sceneLighting":false,"audioPlay":false,"sceneViewState":{"showFog":false,"showMaterialUpdate":true,"showSkybox":false,"showFlares":true,"showImageEffects":true,"showParticleSystems":true,"showVisualEffectGraphs":true,"m_FxEnabled":true},"in2DMode":false,"pivot":{"x":-4.964626312255859,"y":2.5966529846191408,"z":-5.717826843261719},"rotation":{"x":0.46398064494132998,"y":-0.0019408193184062839,"z":0.0009418440167792141,"w":0.8860251307487488},"size":7.701767921447754,"orthographic":false}