{"cameraMode":{"drawMode":0,"name":"Shaded","section":"Shading Mode"},"sceneLighting":false,"audioPlay":false,"sceneViewState":{"showFog":false,"showMaterialUpdate":true,"showSkybox":false,"showFlares":true,"showImageEffects":false,"showParticleSystems":true,"showVisualEffectGraphs":true,"m_FxEnabled":true},"in2DMode":false,"pivot":{"x":-0.06347036361694336,"y":5.007667064666748,"z":0.06390237808227539},"rotation":{"x":0.008611191995441914,"y":0.9549345970153809,"z":-0.2963905334472656,"w":0.032706595957279208},"size":11.977399826049805,"orthographic":false}