{"cameraMode":{"drawMode":0,"name":"Shaded","section":"Shading Mode"},"sceneLighting":true,"audioPlay":false,"sceneViewState":{"showFog":false,"showMaterialUpdate":true,"showSkybox":false,"showFlares":true,"showImageEffects":true,"showParticleSystems":true,"showVisualEffectGraphs":true,"m_FxEnabled":true},"in2DMode":false,"pivot":{"x":1.2608201503753663,"y":5.859095573425293,"z":372.5101013183594},"rotation":{"x":0.38577353954315188,"y":0.2221146523952484,"z":-0.09624768048524857,"w":0.8902705311775208},"size":0.14072710275650025,"orthographic":false}