{"cameraMode":{"drawMode":0,"name":"Shaded","section":"Shading Mode"},"sceneLighting":false,"audioPlay":false,"sceneViewState":{"showFog":false,"showMaterialUpdate":true,"showSkybox":false,"showFlares":true,"showImageEffects":true,"showParticleSystems":true,"showVisualEffectGraphs":true,"m_FxEnabled":true},"in2DMode":false,"pivot":{"x":9.198212623596192,"y":19.652851104736329,"z":-12.300000190734864},"rotation":{"x":-0.3865363895893097,"y":0.010229470208287239,"z":-0.004288310185074806,"w":-0.9222103357315064},"size":21.387292861938478,"orthographic":false}