{"cameraMode":{"drawMode":0,"name":"Shaded","section":"Shading Mode"},"sceneLighting":false,"audioPlay":false,"sceneViewState":{"showFog":false,"showMaterialUpdate":true,"showSkybox":false,"showFlares":true,"showImageEffects":true,"showParticleSystems":true,"showVisualEffectGraphs":true,"m_FxEnabled":true},"in2DMode":false,"pivot":{"x":-0.9988811016082764,"y":1.2021095752716065,"z":138.34034729003907},"rotation":{"x":0.49549737572669985,"y":0.10772805660963059,"z":-0.0647510290145874,"w":0.8601869344711304},"size":1.1343486309051514,"orthographic":false}