{"cameraMode":{"drawMode":0,"name":"Shaded","section":"Shading Mode"},"sceneLighting":false,"audioPlay":false,"sceneViewState":{"showFog":false,"showMaterialUpdate":true,"showSkybox":false,"showFlares":true,"showImageEffects":false,"showParticleSystems":true,"showVisualEffectGraphs":true,"m_FxEnabled":true},"in2DMode":false,"pivot":{"x":0.5816830396652222,"y":4.854211807250977,"z":-1.0568757057189942},"rotation":{"x":-0.0066992794163525108,"y":0.9951058626174927,"z":-0.05903707444667816,"w":-0.08442159742116928},"size":4.118504047393799,"orthographic":false}