{"cameraMode":{"drawMode":0,"name":"Shaded","section":"Shading Mode"},"sceneLighting":false,"audioPlay":false,"sceneViewState":{"showFog":true,"showMaterialUpdate":true,"showSkybox":false,"showFlares":true,"showImageEffects":false,"showParticleSystems":true,"showVisualEffectGraphs":true,"m_FxEnabled":true},"in2DMode":false,"pivot":{"x":0.0000017881393432617188,"y":1.4117172956466675,"z":-0.00033855438232421875},"rotation":{"x":0.03934458643198013,"y":0.9429932236671448,"z":-0.3054617643356323,"w":0.13001590967178346},"size":2.2446792125701906,"orthographic":false}