{"cameraMode":{"drawMode":0,"name":"Shaded","section":"Shading Mode"},"sceneLighting":false,"audioPlay":false,"sceneViewState":{"showFog":false,"showMaterialUpdate":true,"showSkybox":false,"showFlares":true,"showImageEffects":false,"showParticleSystems":true,"showVisualEffectGraphs":true,"m_FxEnabled":true},"in2DMode":false,"pivot":{"x":0.6017917394638062,"y":9.545568466186524,"z":1.5975703001022339},"rotation":{"x":-0.17512516677379609,"y":-0.05427076667547226,"z":0.013066943734884262,"w":-0.9834852814674377},"size":1.8981518745422364,"orthographic":false}