{"cameraMode":{"drawMode":0,"name":"Shaded","section":"Shading Mode"},"sceneLighting":false,"audioPlay":false,"sceneViewState":{"showFog":false,"showMaterialUpdate":true,"showSkybox":false,"showFlares":true,"showImageEffects":true,"showParticleSystems":true,"showVisualEffectGraphs":true,"m_FxEnabled":true},"in2DMode":false,"pivot":{"x":0.0000019073486328125,"y":0.0005001630634069443,"z":131.96502685546876},"rotation":{"x":0.4841308295726776,"y":0.5147386789321899,"z":-0.47609642148017886,"w":0.5234664082527161},"size":22.00758934020996,"orthographic":false}