{"cameraMode":{"drawMode":0,"name":"Shaded","section":"Shading Mode"},"sceneLighting":false,"audioPlay":false,"sceneViewState":{"showFog":false,"showMaterialUpdate":true,"showSkybox":false,"showFlares":true,"showImageEffects":false,"showParticleSystems":true,"showVisualEffectGraphs":true,"m_FxEnabled":true},"in2DMode":false,"pivot":{"x":1.4449334144592286,"y":-0.2469789981842041,"z":4.529272556304932},"rotation":{"x":-0.0001629822509130463,"y":-0.7719451785087586,"z":0.6363449096679688,"w":-0.003981429152190685},"size":1.5994973182678223,"orthographic":false}