{"cameraMode":{"drawMode":0,"name":"Shaded","section":"Shading Mode"},"sceneLighting":false,"audioPlay":false,"sceneViewState":{"showFog":true,"showMaterialUpdate":true,"showSkybox":false,"showFlares":true,"showImageEffects":true,"showParticleSystems":true,"showVisualEffectGraphs":true,"m_FxEnabled":true},"in2DMode":false,"pivot":{"x":0.13493096828460694,"y":-0.0000014901161193847657,"z":0.765697181224823},"rotation":{"x":-0.11894632130861283,"y":-0.6405200958251953,"z":0.1013287678360939,"w":-0.75187748670578},"size":2.640124559402466,"orthographic":false}