{"cameraMode":{"drawMode":0,"name":"Shaded","section":"Shading Mode"},"sceneLighting":false,"audioPlay":false,"sceneViewState":{"showFog":true,"showMaterialUpdate":true,"showSkybox":false,"showFlares":true,"showImageEffects":false,"showParticleSystems":true,"showVisualEffectGraphs":true,"m_FxEnabled":true},"in2DMode":false,"pivot":{"x":1.069678544998169,"y":0.9306538105010986,"z":0.34830355644226076},"rotation":{"x":0.14030012488365174,"y":0.8572115302085877,"z":-0.33642664551734927,"w":0.3651253283023834},"size":2.2414629459381105,"orthographic":false}