{"cameraMode":{"drawMode":0,"name":"Shaded","section":"Shading Mode"},"sceneLighting":false,"audioPlay":false,"sceneViewState":{"showFog":false,"showMaterialUpdate":true,"showSkybox":false,"showFlares":true,"showImageEffects":false,"showParticleSystems":true,"showVisualEffectGraphs":true,"m_FxEnabled":true},"in2DMode":false,"pivot":{"x":-0.0000152587890625,"y":0.4625588059425354,"z":-0.00000762939453125},"rotation":{"x":0.03420466184616089,"y":0.8600785136222839,"z":-0.5062435865402222,"w":0.06082240864634514},"size":0.9828372597694397,"orthographic":false}